NAME,EMAIL
Demo Bidder One,one@demo.com
Demo Bidder Two,two@demo.com
Demo Bidder Three,three@demo.com
Demo Bidder Four,four@demo.com
Demo Bidder Five,five@demo.com
Demo Admin,admin@demo.com
Demo Superuser,superuser@demo.com
Demo Supervisor,supervisor@demo.com
Developer,dev@demo.com
"NIEC, Jaime",Jaime.Niec@Demo.com
"PHARAND, Rheal",Rheal.Pharand@Demo.com
"COATES, Vera",Vera.Coates@Demo.com
"GODARD, Melissa",Melissa.Godard@Demo.com
"CUMMINGS, Mike",Mike.Cummings@Demo.com
"CIOTEA, Ahmad",Ahmad.Ciotea@Demo.com
"EGAN, Dayna ",Dayna .Egan@Demo.com
"RIVARD, Thomas",Thomas.Rivard@Demo.com
"DOWHAYKO, Martin",Martin.Dowhayko@Demo.com
"MOROZ, Kyle",Kyle.Moroz@Demo.com
"BARRETT, Lisa",Lisa.Barrett@Demo.com
"BURK, Dereck",Dereck.Burk@Demo.com
"KWAITKOWSKI, Ronald",Ronald.Kwaitkowski@Demo.com
"BODNAR, Alissa",Alissa.Bodnar@Demo.com
"PAPA, Oscar",Oscar.Papa@Demo.com
"BRIFFA, Jeremy",Jeremy.Briffa@Demo.com
"MANNING, Jeffrey",Jeffrey.Manning@Demo.com
"REVAIT, Kenneth",Kenneth.Revait@Demo.com
"SPIERS, Todd",Todd.Spiers@Demo.com
"LANTHIER, Anmar",Anmar.Lanthier@Demo.com
"DAVIES, Roy",Roy.Davies@Demo.com
"VANTHUYNE, Ann",Ann.Vanthuyne@Demo.com
"WYSYNSKI, Sandrine",Sandrine.Wysynski@Demo.com
"PRIMEAU, Aman ",Aman .Primeau@Demo.com
"VIPOND, Tina",Tina.Vipond@Demo.com
"GROOT, Michael",Michael.Groot@Demo.com
"BUZZEO, Aldona",Aldona.Buzzeo@Demo.com
"MCLEAN, Melissa",Melissa.Mclean@Demo.com
"MIKHO, Hanna",Hanna.Mikho@Demo.com
"ROBERT, Ryan",Ryan.Robert@Demo.com
"ROE, Tony",Tony.Roe@Demo.com
"WRIGHT, Andrew",Andrew.Wright@Demo.com
"COATES, Paul",Paul.Coates@Demo.com
"GRAHAM, Milena",Milena.Graham@Demo.com
"STREET , Heather",Heather.Street @Demo.com
"STRAH, Sean",Sean.Strah@Demo.com
"STENBACK, Brian",Brian.Stenback@Demo.com
"RACYS, Arlene",Arlene.Racys@Demo.com
"SHABO, Emmanuelle",Emmanuelle.Shabo@Demo.com
"WARRINER, Ryan",Ryan.Warriner@Demo.com
"SIMIGANOSCHI, Kristin",Kristin.Simiganoschi@Demo.com
"DUNWOODY, Justene",Justene.Dunwoody@Demo.com
"MILLARD, Sandy",Sandy.Millard@Demo.com
"THIBODEAU, Kenneth",Kenneth.Thibodeau@Demo.com
"OHAGAN, Zora",Zora.OHagan@Demo.com
"GARIBIAN, Derek",Derek.Garibian@Demo.com
"MCGREGOR, Daniel",Daniel.Mcgregor@Demo.com
"TREMBLAY, Robert",Robert.Tremblay@Demo.com
"FABIAN, Andrew",Andrew.Fabian@Demo.com
"SKALJAC, Walid",Walid.Skaljac@Demo.com
"MORELAND, John",John.Moreland@Demo.com
"BACON, Chasity",Chasity.Bacon@Demo.com
"BEECROFT, Douglas",Douglas.Beecroft@Demo.com
"PASTORIUS, Carrie",Carrie.Pastorius@Demo.com
"MURDOCK, Shannon",Shannon.Murdock@Demo.com
"ANZOLIN, Shawn",Shawn.Anzolin@Demo.com
"YANCY, Adam",Adam.Yancy@Demo.com
"LEMIRE, David",David.Lemire@Demo.com
"MALO, Peter",Peter.Malo@Demo.com
"FITZPATRICK, Grzegorz",Grzegorz.Fitzpatrick@Demo.com
"DUXTER, Jennifer",Jennifer.Duxter@Demo.com
"LARKIN, Joshua",Joshua.Larkin@Demo.com
"EL MAKDAH, Emilie",Emilie.El Makdah@Demo.com
"CLAYTON , Jason",Jason.Clayton @Demo.com
"MURPHY, Stacey",Stacey.Murphy@Demo.com
"GATTI, Adam",Adam.Gatti@Demo.com
"WILL, Cindy",Cindy.Will@Demo.com
"LANGLOIS, Scott",Scott.Langlois@Demo.com
"PILLON, Mike",Mike.Pillon@Demo.com
"BISSONNETTE, George",George.Bissonnette@Demo.com
"BARAN, Jennifer",Jennifer.Baran@Demo.com
"ZVANIGA, Susan",Susan.Zvaniga@Demo.com
"INNOCENTE, Darrell",Darrell.Innocente@Demo.com
"FARRELL, Kristine",Kristine.Farrell@Demo.com
"LIVINGSTONE, Michael",Michael.Livingstone@Demo.com
"BELETZ, Jason",Jason.Beletz@Demo.com
"BALKWILL, Todd",Todd.Balkwill@Demo.com
"MITCHELL, Nicholas",Nicholas.Mitchell@Demo.com
"RUGGIRELLO, Andrew",Andrew.Ruggirello@Demo.com
"TURNER , Matthew",Matthew.Turner @Demo.com
"KLASSEN, Marijana",Marijana.Klassen@Demo.com
"KARNER, Joel",Joel.Karner@Demo.com
"BATTEN, Robert",Robert.Batten@Demo.com
"COFFEY, Karen",Karen.Coffey@Demo.com
"REVENBERG, Gefferson",Gefferson.Revenberg@Demo.com
"KANE, Sean",Sean.Kane@Demo.com
"GAUTHIER, Gwenyth",Gwenyth.Gauthier@Demo.com
"DANG, Garrett",Garrett.Dang@Demo.com
"LAUZON, Sebastien",Sebastien.Lauzon@Demo.com
"GIANNETTI, Brian",Brian.Giannetti@Demo.com
"GRABER, Matthew",Matthew.Graber@Demo.com
"STEWART, Brian",Brian.Stewart@Demo.com
"VIPOND, Cornel",Cornel.Vipond@Demo.com
"SLEIMAN, Sabrina",Sabrina.Sleiman@Demo.com
"GONCALVES, Brad",Brad.Goncalves@Demo.com
"GAUTHIER, Melanie",Melanie.Gauthier@Demo.com
"SOULLIERE, Scott",Scott.Soulliere@Demo.com
"CABRAL, Simon",Simon.Cabral@Demo.com
"HICKEY, Yanick",Yanick.Hickey@Demo.com
"FEDAK, ",.Fedak@Demo.com
"DANELIUK, Tiffney",Tiffney.Daneliuk@Demo.com
"GAGNE-MARTEL, Tracey",Tracey.Gagne-Martel@Demo.com
"MATHAWATHAGE, Yvan",Yvan.Mathawathage@Demo.com
"HOWE, Terri",Terri.Howe@Demo.com
"MCEWEN, Leah",Leah.Mcewen@Demo.com
"HARTLEB, Yvonne",Yvonne.Hartleb@Demo.com
"MCBRIDE, Dawn",Dawn.Mcbride@Demo.com
"BOISMIER, Kristina",Kristina.Boismier@Demo.com
"THIBODEAU, Tanis",Tanis.Thibodeau@Demo.com
"SKOVRAN, Andrew",Andrew.Skovran@Demo.com
"SCHERER, Alexander",Alexander.Scherer@Demo.com
"BOUGHNER, Karl",Karl.Boughner@Demo.com
"PRUYN, Paula",Paula.Pruyn@Demo.com
"KOLACZYNSKI, Patrick",Patrick.Kolaczynski@Demo.com
"FIDAHOSSEN, Kathryn",Kathryn.Fidahossen@Demo.com
"ROY, Paul",Paul.Roy@Demo.com
"VICENTE, Salim",Salim.Vicente@Demo.com
"FATA, Diane",Diane.Fata@Demo.com
"ROE, Peter",Peter.Roe@Demo.com
"COMERFORD, Melissa",Melissa.Comerford@Demo.com
"SAVAGE, Lana",Lana.Savage@Demo.com
"BADOUR, Vincent",Vincent.Badour@Demo.com
"ROTONDI, Christopher",Christopher.Rotondi@Demo.com
"SCHILLER, Sara",Sara.Schiller@Demo.com
"LAJEUNESSE, Christine",Christine.Lajeunesse@Demo.com
"RANDALL, Jacob",Jacob.Randall@Demo.com
"VU, Christopher",Christopher.Vu@Demo.com
"KIM, Michael",Michael.Kim@Demo.com
"LARSH, Amy",Amy.Larsh@Demo.com
"FERLAINO, Joe",Joe.Ferlaino@Demo.com
"MUI, Lisa",Lisa.Mui@Demo.com
"LAUZON, David",David.Lauzon@Demo.com
"DUBREUIL, Taylor",Taylor.Dubreuil@Demo.com
"NAUD, Cal",Cal.Naud@Demo.com
"SOUCHEREAU, Frank",Frank.Souchereau@Demo.com
"GARDI, Laurie",Laurie.Gardi@Demo.com
"SKORUPA, David",David.Skorupa@Demo.com
"KIRWAN, Lisa",Lisa.Kirwan@Demo.com
"GODARD, Kim",Kim.Godard@Demo.com
"LAVOIE, Charles",Charles.Lavoie@Demo.com
"MACKENZIE, Kevin",Kevin.Mackenzie@Demo.com
"LEGARE, Robert",Robert.Legare@Demo.com
"BURR, Justin",Justin.Burr@Demo.com
"TURNER, Genevieve",Genevieve.Turner@Demo.com
"TUCKER, Samuel ",Samuel .Tucker@Demo.com
"BUDWAL, Eduardo",Eduardo.Budwal@Demo.com
"MOORE, Courtney",Courtney.Moore@Demo.com
"NOHRA, Nicolas",Nicolas.Nohra@Demo.com
"FITZPATRICK, Kim",Kim.Fitzpatrick@Demo.com
"GAUVIN, Natalie",Natalie.Gauvin@Demo.com
"WESTLEY, Kelly",Kelly.Westley@Demo.com
"SMITH, Erin",Erin.Smith@Demo.com
"DEROSE, Chad",Chad.Derose@Demo.com
"ROY, Don",Don.Roy@Demo.com
"GARANT, Tamara",Tamara.Garant@Demo.com
"OZIMEK, Andrew",Andrew.Ozimek@Demo.com
"DAGNILLO, James",James.DAgnillo@Demo.com
"GAGNON-DROLET, Scott",Scott.Gagnon-Drolet@Demo.com
"VALCKE, David",David.Valcke@Demo.com
"LABBE, Marcel",Marcel.LAbbe@Demo.com
"WOODFIELD, Carrie",Carrie.Woodfield@Demo.com
"MINSHALL, Jacques",Jacques.Minshall@Demo.com
"BLACK, Sandi",Sandi.Black@Demo.com
"PILLON, Joshua",Joshua.Pillon@Demo.com
"HART , Joseph",Joseph.Hart @Demo.com
"TRUMAN, Tatijana",Tatijana.Truman@Demo.com
"AIKEN, Christian",Christian.Aiken@Demo.com
"ALARIE-MICHAUD, Vlad",Vlad.Alarie-Michaud@Demo.com
"HOWLETT, Jacqueline",Jacqueline.Howlett@Demo.com
"GILLESPIE, Serge",Serge.Gillespie@Demo.com
"GALAMB, Shane ",Shane .Galamb@Demo.com
"BLACKMORE, Michelle",Michelle.Blackmore@Demo.com
"NOHRA, Mark",Mark.Nohra@Demo.com
"GREENSLADE, Mohamed",Mohamed.Greenslade@Demo.com
"CARDINAL, David",David.Cardinal@Demo.com
"THAMMAVONGSA, Marc",Marc.Thammavongsa@Demo.com
"MOORE, Franco",Franco.Moore@Demo.com
"HOHMANN, Lee",Lee.Hohmann@Demo.com
"LAWRENCE, Thomas",Thomas.Lawrence@Demo.com
"CITRON, Leigh",Leigh.Citron@Demo.com
"NELSON, Jeff",Jeff.Nelson@Demo.com
"THOMPSON, Brandi",Brandi.Thompson@Demo.com
"CLARKE, Mark",Mark.Clarke@Demo.com
"FUNKENHAUSER, Michael",Michael.Funkenhauser@Demo.com
"MEYES, Laura",Laura.Meyes@Demo.com
"STAADEGAARD, Brad",Brad.Staadegaard@Demo.com
"HALEY, Jenny",Jenny.Haley@Demo.com
"RAYMOND, Russell",Russell.Raymond@Demo.com
"GAUCI, Joe",Joe.Gauci@Demo.com
"MARIER, David",David.Marier@Demo.com
"VLCEK, Kenneth",Kenneth.Vlcek@Demo.com
"STDENIS, Nicolas",Nicolas.Stdenis@Demo.com
"DAVEY, Jamie",Jamie.Davey@Demo.com
"THEORET, Paula",Paula.Theoret@Demo.com
"KEHLER, Adele",Adele.Kehler@Demo.com
"BEAULAC, Kelvin",Kelvin.Beaulac@Demo.com
"DOYON, Joseph",Joseph.Doyon@Demo.com
"MEJALLI, Nicholas",Nicholas.Mejalli@Demo.com
"LONG, Colin",Colin.Long@Demo.com
"ANDERSCH, Joseph",Joseph.Andersch@Demo.com
"BABICH, Edward",Edward.Babich@Demo.com
"CUNNINGHAM, Mathieu",Mathieu.Cunningham@Demo.com
"GEE, Charlie",Charlie.Gee@Demo.com
"COBB, Christian",Christian.Cobb@Demo.com
"BECHARD, Spencer",Spencer.Bechard@Demo.com
"ANDERSON, Stephanie",Stephanie.Anderson@Demo.com
"BOUCHER, Jason",Jason.Boucher@Demo.com
"KELIC, Mark",Mark.Kelic@Demo.com
"MAK, Natalie",Natalie.Mak@Demo.com
"HAMMOND, Sherry",Sherry.Hammond@Demo.com
"GAUDETTE, Stephanie",Stephanie.Gaudette@Demo.com
"HOOPER, John",John.Hooper@Demo.com
"MCDONALD, David",David.Mcdonald@Demo.com
"MARCHINI, Howard",Howard.Marchini@Demo.com
"MARKET, Garrett",Garrett.Market@Demo.com
"FEDOR, Nathanial",Nathanial.Fedor@Demo.com
"SMITH, Andrea",Andrea.Smith@Demo.com
"NECHITALUK, Julian",Julian.Nechitaluk@Demo.com
"TOLTON, Philip",Philip.Tolton@Demo.com
"BROMAROFF, Amanda",Amanda.Bromaroff@Demo.com
"BEAUMONT, David",David.Beaumont@Demo.com
"CARTER, Maxime",Maxime.Carter@Demo.com
"FLEURANCOIS, Kyle",Kyle.Fleurancois@Demo.com
"DROZDZ, Deborah",Deborah.Drozdz@Demo.com
"DJEUGANG, Adam",Adam.Djeugang@Demo.com
"MACLEOD, Sylvia",Sylvia.Macleod@Demo.com
"DOWNES, Darrin",Darrin.Downes@Demo.com
"CARMICKLE, Margot",Margot.Carmickle@Demo.com
"BOURDEAU, Kathleen",Kathleen.Bourdeau@Demo.com
"PHILLIPS, Daniela",Daniela.Phillips@Demo.com
"DEPEIZA, Sean",Sean.Depeiza@Demo.com
"CHORBA, Sheri",Sheri.Chorba@Demo.com
"REID, Katrina",Katrina.Reid@Demo.com
"COOK, David",David.Cook@Demo.com
"MEZAHI, Kyle",Kyle.Mezahi@Demo.com
"THEUMA, David",David.Theuma@Demo.com
"FORTIER, Keith",Keith.Fortier@Demo.com
"LAFRAMBOISE, Christopher",Christopher.Laframboise@Demo.com
"FIELD, Laurie",Laurie.Field@Demo.com
"PETRASOVIC, Joshua",Joshua.Petrasovic@Demo.com
"COUTURE, Roch",Roch.Couture@Demo.com
"PALMER, Pedro",Pedro.Palmer@Demo.com
"WONGKEE, Chris",Chris.Wongkee@Demo.com
"TABASH, Kristin",Kristin.Tabash@Demo.com
"RAYMOND, Jeff",Jeff.Raymond@Demo.com
"LEVEILLE, Mitchell",Mitchell.Leveille@Demo.com
"KOCSIS, Shannon",Shannon.Kocsis@Demo.com
"MITCHELL, Nimasha",Nimasha.Mitchell@Demo.com
"GUADALUPE, Brian",Brian.Guadalupe@Demo.com
"GAUDET, Jennifer",Jennifer.Gaudet@Demo.com
"BERGLUND, Lisa",Lisa.Berglund@Demo.com
"RANSOM, Jason",Jason.Ransom@Demo.com
"CROSSWHITE, Jessica",Jessica.Crosswhite@Demo.com
"KELLY, Kimberly",Kimberly.Kelly@Demo.com
"LUANCH, Meighan",Meighan.Luanch@Demo.com
"BISHOP, Frederick",Frederick.Bishop@Demo.com
"DUPUIS, Jennifer",Jennifer.Dupuis@Demo.com
"MARTINEAU, Frederick",Frederick.Martineau@Demo.com
"SMITH, William",William.Smith@Demo.com
"DAGNILLO, Margaret",Margaret.Dagnillo@Demo.com
"MAYHEW, Deanna",Deanna.Mayhew@Demo.com
"HOFFMAN, Kyle",Kyle.Hoffman@Demo.com
